{
  "meta": "Paper 213 Arm 2 \u2014 2I IMPORTED \u2014 reconstruction test",
  "fss": [
    {
      "N": 1000,
      "d_max": 4,
      "k_children": 2,
      "p_close": 0.5,
      "closure": "no_constraint",
      "rho_mode": "parity",
      "edges": 1487,
      "topology_identical": true,
      "d_s": 0.5451237112691898,
      "d_s_err": 0.031092675985439754,
      "arm1_score": 0.375,
      "arm2_score": 0.25,
      "arm2_frac_sup": 0.25,
      "arm2_frac_forb": 0.0,
      "arm2_ratio": 1.0613791155796355,
      "null_mean": 0.20666666666666664,
      "null_std": 0.1708150396709194,
      "null_max": 0.5,
      "arm2_z": 0.2536857024815637
    },
    {
      "N": 2000,
      "d_max": 4,
      "k_children": 2,
      "p_close": 0.5,
      "closure": "no_constraint",
      "rho_mode": "parity",
      "edges": 2985,
      "topology_identical": true,
      "d_s": 0.5353433111983059,
      "d_s_err": 0.03188077714983405,
      "arm1_score": 0.75,
      "arm2_score": -0.16666666666666666,
      "arm2_frac_sup": 0.16666666666666666,
      "arm2_frac_forb": 0.3333333333333333,
      "arm2_ratio": 1.245369896842182,
      "null_mean": -0.03666666666666667,
      "null_std": 0.07371114795831994,
      "null_max": 0.0,
      "arm2_z": -1.7636409634199248
    },
    {
      "N": 4000,
      "d_max": 4,
      "k_children": 2,
      "p_close": 0.5,
      "closure": "no_constraint",
      "rho_mode": "parity",
      "edges": 6001,
      "topology_identical": true,
      "d_s": 0.541063990902246,
      "d_s_err": 0.03295087632590314,
      "arm1_score": 0.125,
      "arm2_score": NaN,
      "arm2_frac_sup": NaN,
      "arm2_frac_forb": NaN,
      "arm2_ratio": NaN,
      "null_mean": 0.0,
      "null_std": 0.0,
      "null_max": 0.0,
      "arm2_z": NaN
    }
  ],
  "dmax_sweep": [
    {
      "N": 2000,
      "d_max": 3,
      "k_children": 2,
      "p_close": 0.5,
      "closure": "no_constraint",
      "rho_mode": "parity",
      "edges": 2979,
      "topology_identical": true,
      "d_s": 0.5122248453467099,
      "d_s_err": 0.02968668341799622,
      "arm1_score": 0.25,
      "arm2_score": -0.2,
      "arm2_frac_sup": 0.2,
      "arm2_frac_forb": 0.4,
      "arm2_ratio": 1.357667503289482
    },
    {
      "N": 2000,
      "d_max": 4,
      "k_children": 2,
      "p_close": 0.5,
      "closure": "no_constraint",
      "rho_mode": "parity",
      "edges": 2985,
      "topology_identical": true,
      "d_s": 0.535343311198304,
      "d_s_err": 0.031880777149834116,
      "arm1_score": 0.75,
      "arm2_score": -0.16666666666666666,
      "arm2_frac_sup": 0.16666666666666666,
      "arm2_frac_forb": 0.3333333333333333,
      "arm2_ratio": 1.2453698968421791
    },
    {
      "N": 2000,
      "d_max": 5,
      "k_children": 2,
      "p_close": 0.5,
      "closure": "no_constraint",
      "rho_mode": "parity",
      "edges": 2985,
      "topology_identical": true,
      "d_s": 0.5386999682084356,
      "d_s_err": 0.0323856812889001,
      "arm1_score": 0.75,
      "arm2_score": 0.0,
      "arm2_frac_sup": 0.25,
      "arm2_frac_forb": 0.25,
      "arm2_ratio": 1.1224831582107897
    },
    {
      "N": 2000,
      "d_max": 6,
      "k_children": 2,
      "p_close": 0.5,
      "closure": "no_constraint",
      "rho_mode": "parity",
      "edges": 2985,
      "topology_identical": true,
      "d_s": 0.5391611193331451,
      "d_s_err": 0.032527351508175976,
      "arm1_score": -0.125,
      "arm2_score": 0.3333333333333333,
      "arm2_frac_sup": 0.3333333333333333,
      "arm2_frac_forb": 0.0,
      "arm2_ratio": 1.135165108772343
    }
  ],
  "closure_sweep": [
    {
      "N": 2000,
      "d_max": 4,
      "k_children": 2,
      "p_close": 0.5,
      "closure": "no_constraint",
      "rho_mode": "parity",
      "edges": 2985,
      "topology_identical": true,
      "d_s": 0.5353433111983039,
      "d_s_err": 0.03188077714983409,
      "arm1_score": 0.75,
      "arm2_score": -0.16666666666666666,
      "arm2_frac_sup": 0.16666666666666666,
      "arm2_frac_forb": 0.3333333333333333,
      "arm2_ratio": 1.2453698968421725
    },
    {
      "N": 2000,
      "d_max": 4,
      "k_children": 2,
      "p_close": 0.5,
      "closure": "flat_triangles",
      "rho_mode": "parity",
      "edges": 2978,
      "topology_identical": true,
      "d_s": 0.5366172122149432,
      "d_s_err": 0.03199056349708357,
      "arm1_score": 0.25,
      "arm2_score": 0.3333333333333333,
      "arm2_frac_sup": 0.3333333333333333,
      "arm2_frac_forb": 0.0,
      "arm2_ratio": 1.0945904375078916
    },
    {
      "N": 2000,
      "d_max": 4,
      "k_children": 2,
      "p_close": 0.5,
      "closure": "flat_shortest",
      "rho_mode": "parity",
      "edges": 2030,
      "topology_identical": false,
      "d_s": 0.47631122664713266,
      "d_s_err": 0.02514498733748754,
      "arm1_score": 0.5,
      "arm2_score": -0.25,
      "arm2_frac_sup": 0.125,
      "arm2_frac_forb": 0.375,
      "arm2_ratio": 2.0427758234573234
    }
  ],
  "rho_sweep": [
    {
      "N": 2000,
      "d_max": 4,
      "k_children": 2,
      "p_close": 0.5,
      "closure": "no_constraint",
      "rho_mode": "parity",
      "edges": 2985,
      "topology_identical": true,
      "d_s": 0.5353433111983035,
      "d_s_err": 0.03188077714983409,
      "arm1_score": 0.75,
      "arm2_score": -0.16666666666666666,
      "arm2_frac_sup": 0.16666666666666666,
      "arm2_frac_forb": 0.3333333333333333,
      "arm2_ratio": 1.245369896842182
    },
    {
      "N": 2000,
      "d_max": 4,
      "k_children": 2,
      "p_close": 0.5,
      "closure": "no_constraint",
      "rho_mode": "hash",
      "edges": 2985,
      "topology_identical": true,
      "d_s": 0.5353433111983052,
      "d_s_err": 0.03188077714983406,
      "arm1_score": 0.75,
      "arm2_score": 0.0,
      "arm2_frac_sup": 0.16666666666666666,
      "arm2_frac_forb": 0.16666666666666666,
      "arm2_ratio": 1.2554222730387778
    }
  ]
}