curve,expected_rank,X,nagao_S
11a1,0,10000,-0.192472
37a1,1,10000,0.823544
389a1,2,10000,2.056365
