{"provenance":{"commit":"1790cc2b335a76629d6b437b4a9b4e98ee0039c7","dirty":true,"seed":20260618,"timestamp_utc":"2026-07-01T07:56:24Z","parameters":{"test":"fss","N":"100,200,500","instrument":"Icosian.Regge (arm 1)"}},"observable":"d_frust = ||norm(relaxed)-norm(round)|| / ||norm(round)||, first 15 normalised eigenvalues","committed_fit_form":"d_frust = d_inf + c*N^(-p); d_inf->0 => artefact, d_inf>0 => fundamental glass","rungs":[{"N":100,"edges":674,"tets":574,"d_frust":0.07450872173381708,"d_frust_init":0.05636728739831745,"control3_d_frust":0.027840317048197075,"Ef":59.32276850802738,"cov0":274.7659896730181,"covF":6.510462225657631,"relax_iters":183,"grad_norm":243.43137988200755,"converged":false,"exit_reason":"linesearch-fail","min_tet_vol":1.4269525664243319E-09},{"N":200,"edges":1410,"tets":1210,"d_frust":0.14936707812519323,"d_frust_init":0.11936538265317194,"control3_d_frust":0.0074958293732916995,"Ef":53.0829167784283,"cov0":32.97486100492753,"covF":11.404610834942108,"relax_iters":2000,"grad_norm":51.341340355854086,"converged":false,"exit_reason":"maxIters","min_tet_vol":1.1048032703576494E-07},{"N":500,"edges":3732,"tets":3232,"d_frust":0.06195821849867327,"d_frust_init":0.05895969918607997,"control3_d_frust":0.002098457964706996,"Ef":74.53366905901119,"cov0":16.929101731581902,"covF":58.71156003999184,"relax_iters":111,"grad_norm":43.22603585859826,"converged":false,"exit_reason":"linesearch-fail","min_tet_vol":2.4743193436386854E-09}],"fit":{"d_inf":null,"c":null,"p":null,"rms":null}}