{
  "scale": "debug",
  "fss": [
    {
      "N": 1000,
      "E": 1997,
      "d_max": 4,
      "C": "flat-triangles",
      "rho": "rho_GR1",
      "seed_a": 5.0,
      "scramble": false,
      "mean_degree": 3.994,
      "n_triangles": 998,
      "d_s": 1.0245264869548578,
      "d_s_se": 0.00021792881256159116,
      "t_window": [
        3.454803096719594,
        85.2440094527179
      ],
      "sig_Ls": {
        "n_clusters": 14,
        "n_negative": 0,
        "lambda1": 4.934788337904031e-05,
        "gap_ratio": 3.9999662901485076,
        "kk2_score": 0.2,
        "semigroup_hit": 0.3,
        "gap_avoidance": 0.9333333333333333
      },
      "sig_Lc": {
        "n_clusters": 13,
        "n_negative": 0,
        "lambda1": 4.9356536086931445e-05,
        "gap_ratio": 8.999796942121439,
        "kk2_score": 0.1,
        "semigroup_hit": 0.2,
        "gap_avoidance": 1.0
      },
      "lam_Ls_min": 7.572121838640252e-17,
      "lam_Lc_min": 4.893511833573985e-05,
      "wall_s": 0.6
    },
    {
      "N": 2000,
      "E": 3997,
      "d_max": 4,
      "C": "flat-triangles",
      "rho": "rho_GR1",
      "seed_a": 5.0,
      "scramble": false,
      "mean_degree": 3.997,
      "n_triangles": 1998,
      "d_s": 1.0154954761117299,
      "d_s_se": 0.00014985088178217935,
      "t_window": [
        3.4399393622008154,
        92.79215497798717
      ],
      "sig_Ls": {
        "n_clusters": 14,
        "n_negative": 0,
        "lambda1": 1.2336996856987586e-05,
        "gap_ratio": 3.99999159165928,
        "kk2_score": 0.2,
        "semigroup_hit": 0.3,
        "gap_avoidance": 0.9333333333333333
      },
      "sig_Lc": {
        "n_clusters": 14,
        "n_negative": 0,
        "lambda1": 1.2337986402701433e-05,
        "gap_ratio": 8.999949456621078,
        "kk2_score": 0.1,
        "semigroup_hit": 0.2,
        "gap_avoidance": 1.0
      },
      "lam_Ls_min": 8.989999943474186e-17,
      "lam_Lc_min": 1.2285238055634997e-05,
      "wall_s": 3.0
    },
    {
      "N": 4000,
      "E": 7997,
      "d_max": 4,
      "C": "flat-triangles",
      "rho": "rho_GR1",
      "seed_a": 5.0,
      "scramble": false,
      "mean_degree": 3.9985,
      "n_triangles": 3998,
      "d_s": 1.0108871584859898,
      "d_s_se": 0.00023411566102034398,
      "t_window": [
        3.4325394067064754,
        96.9342844675885
      ],
      "sig_Ls": {
        "n_clusters": 14,
        "n_negative": 0,
        "lambda1": 3.0842508357571254e-06,
        "gap_ratio": 3.999997900236826,
        "kk2_score": 0.2,
        "semigroup_hit": 0.3,
        "gap_avoidance": 0.9333333333333333
      },
      "sig_Lc": {
        "n_clusters": 14,
        "n_negative": 0,
        "lambda1": 3.084368778369987e-06,
        "gap_ratio": 8.99998739038355,
        "kk2_score": 0.1,
        "semigroup_hit": 0.2,
        "gap_avoidance": 1.0
      },
      "lam_Ls_min": 8.177420826491521e-17,
      "lam_Lc_min": 3.0777707647751345e-06,
      "wall_s": 28.2
    },
    {
      "N": 8000,
      "E": 15997,
      "d_max": 4,
      "C": "flat-triangles",
      "rho": "rho_GR1",
      "seed_a": 5.0,
      "scramble": false,
      "mean_degree": 3.99925,
      "n_triangles": 7998,
      "d_s": 1.006059269534846,
      "d_s_se": 6.26466577351165e-05,
      "t_window": [
        12.823689536868422,
        387.651989438558
      ],
      "sig_Ls": {
        "n_clusters": 14,
        "n_negative": 0,
        "lambda1": 7.710628102136371e-07,
        "gap_ratio": 3.9999994750262,
        "kk2_score": 0.2,
        "semigroup_hit": 0.3,
        "gap_avoidance": 0.9333333333333333
      },
      "sig_Lc": {
        "n_clusters": 15,
        "n_negative": 0,
        "lambda1": 7.710771936858356e-07,
        "gap_ratio": 8.999996850031543,
        "kk2_score": 0.1,
        "semigroup_hit": 0.2,
        "gap_avoidance": 1.0
      },
      "lam_Ls_min": 8.26100157508717e-17,
      "lam_Lc_min": 7.702521618274678e-07,
      "wall_s": 57.0
    }
  ],
  "controls": [
    {
      "N": 8000,
      "E": 15997,
      "d_max": 4,
      "C": "flat-triangles",
      "rho": "rho_GR1",
      "seed_a": 2.0,
      "scramble": false,
      "mean_degree": 3.99925,
      "n_triangles": 7998,
      "d_s": 1.0060592695348465,
      "d_s_se": 6.264665773509406e-05,
      "t_window": [
        12.823689536868425,
        387.65198943855876
      ],
      "sig_Ls": {
        "n_clusters": 14,
        "n_negative": 0,
        "lambda1": 7.710628102136373e-07,
        "gap_ratio": 3.9999994750261867,
        "kk2_score": 0.2,
        "semigroup_hit": 0.3,
        "gap_avoidance": 0.9333333333333333
      },
      "sig_Lc": {
        "n_clusters": 14,
        "n_negative": 0,
        "lambda1": 7.710829302940835e-07,
        "gap_ratio": 8.999996844288122,
        "kk2_score": 0.1,
        "semigroup_hit": 0.2,
        "gap_avoidance": 1.0
      },
      "lam_Ls_min": 8.261001616446201e-17,
      "lam_Lc_min": 7.69227530557044e-07,
      "control": "nongolden_sqrt2"
    },
    {
      "N": 8000,
      "E": 15997,
      "d_max": 4,
      "C": "flat-triangles",
      "rho": "rho_GR1",
      "seed_a": 3.0,
      "scramble": false,
      "mean_degree": 3.99925,
      "n_triangles": 7998,
      "d_s": 1.0060592695348476,
      "d_s_se": 6.264665773508083e-05,
      "t_window": [
        12.82368953686844,
        387.65198943855836
      ],
      "sig_Ls": {
        "n_clusters": 14,
        "n_negative": 0,
        "lambda1": 7.710628102136396e-07,
        "gap_ratio": 3.9999994750261547,
        "kk2_score": 0.2,
        "semigroup_hit": 0.3,
        "gap_avoidance": 0.9333333333333333
      },
      "sig_Lc": {
        "n_clusters": 15,
        "n_negative": 0,
        "lambda1": 7.710806318341007e-07,
        "gap_ratio": 8.999996848620247,
        "kk2_score": 0.1,
        "semigroup_hit": 0.2,
        "gap_avoidance": 1.0
      },
      "lam_Ls_min": 8.261002154113599e-17,
      "lam_Lc_min": 7.698970514985392e-07,
      "control": "nongolden_sqrt3"
    },
    {
      "N": 8000,
      "E": 15997,
      "d_max": 4,
      "C": "flat-triangles",
      "rho": "rho_GR1",
      "seed_a": 7.0,
      "scramble": false,
      "mean_degree": 3.99925,
      "n_triangles": 7998,
      "d_s": 1.0060592695348478,
      "d_s_se": 6.264665773514168e-05,
      "t_window": [
        12.823689536868423,
        387.6519894385585
      ],
      "sig_Ls": {
        "n_clusters": 14,
        "n_negative": 0,
        "lambda1": 7.710628102136781e-07,
        "gap_ratio": 3.999999475025966,
        "kk2_score": 0.2,
        "semigroup_hit": 0.3,
        "gap_avoidance": 0.9333333333333333
      },
      "sig_Lc": {
        "n_clusters": 15,
        "n_negative": 0,
        "lambda1": 7.710735791638569e-07,
        "gap_ratio": 8.999996850330485,
        "kk2_score": 0.1,
        "semigroup_hit": 0.2,
        "gap_avoidance": 1.0
      },
      "lam_Ls_min": 8.26100122353541e-17,
      "lam_Lc_min": 7.703802251264164e-07,
      "control": "nongolden_a7"
    },
    {
      "N": 8000,
      "E": 15997,
      "d_max": 4,
      "C": "flat-triangles",
      "rho": "rho_GR1",
      "seed_a": 5.0,
      "scramble": true,
      "mean_degree": 3.99925,
      "n_triangles": 7998,
      "d_s": 1.0060592695348463,
      "d_s_se": 6.264665773511206e-05,
      "t_window": [
        12.82368953686842,
        387.65198943855916
      ],
      "sig_Ls": {
        "n_clusters": 14,
        "n_negative": 0,
        "lambda1": 7.71062810213638e-07,
        "gap_ratio": 3.9999994750261836,
        "kk2_score": 0.2,
        "semigroup_hit": 0.3,
        "gap_avoidance": 0.9333333333333333
      },
      "sig_Lc": {
        "n_clusters": 4,
        "n_negative": 449,
        "lambda1": 0.0025867843837957113,
        "gap_ratio": 1.7153792324199864,
        "kk2_score": 0.25,
        "semigroup_hit": 0.75,
        "gap_avoidance": 1.0
      },
      "lam_Ls_min": 8.261001947318446e-17,
      "lam_Lc_min": -0.3532276573103361,