{
  "N": 100,
  "iters": 50,
  "stage0": {
    "N": 100,
    "n_colour_classes": 100,
    "max_class_size": 1,
    "aut_trivial": true,
    "aut_upper_bound": "1 (identity only)",
    "twoI_free": true,
    "PASS": true
  },
  "substrate": {
    "euler_char": 0,
    "euler_ok": true,
    "max_tri_tets": 2,
    "min_tri_tets": 2,
    "closed_no_boundary": true,
    "links_checked": 100,
    "links_bad": 0,
    "links_ok": true
  },
  "generic": {
    "label": "GENERIC arm",
    "E0": 342.6547952315146,
    "Ef": 61.529734950742466,
    "E_reduction": 5.568930136068786,
    "cov0": 274.76598967301834,
    "cov_f": 6.667378883462244,
    "dist_init": 0.2797490236212913,
    "dist_relaxed": 0.24895497036454886,
    "match_err_round": 0.27487734934104613,
    "match_err_relaxed": 0.28762351516006696,
    "spec_relaxed": [
      3.0,
      3.626925688974137,
      3.7795604707182036,
      4.107285663971758,
      6.51207216580869,
      6.798454790794185,
      7.1694926081737895,
      7.504060123522863,
      7.852944397722395,
      7.886884632871385,
      8.414143985757342,
      8.734494176729337,
      8.8837245520569,
      9.343425997897455,
      9.842546119470484,
      10.060590991868139
    ],
    "spec_round": [
      2.9999999999999996,
      3.1971880113977496,
      3.5379876600670035,
      3.9073725377763977,
      4.583642229040174,
      5.0744530404559,
      5.577837023043694,
      5.972434432398849,
      6.091031141836059,
      6.356267319302694,
      6.719305638057452,
      6.871632519233958,
      7.5089481779046805,
      7.739594420996686,
      7.8887564456564165,
      8.155209323096496
    ],
    "note": "L-BFGS done: STOP: TOTAL NO. OF F,G EVALUATIONS EXCEEDS LIMIT"
  },
  "round_control": {
    "E0": 8.421175533055305,
    "Ef": 3.054837737032592,
    "stays_round": true
  },
  "defective": {
    "label": "DEFECTIVE null",
    "E0": 326.2954535540806,
    "Ef": 72.51760867460878,
    "E_reduction": 4.499534106511834,
    "cov0": 156.17574824576192,
    "cov_f": 7.9300702604791935,
    "dist_init": 0.14973881234185296,
    "dist_relaxed": 0.12295527038728926,
    "match_err_round": 0.0940160868856309,
    "match_err_relaxed": 0.26227316551158875,
    "spec_relaxed": [
      3.0,
      3.681466030671825,
      3.950959883810765,
      4.939644011731296,
      6.830900151262489,
      7.204060635382721,
      7.987187558885083,
      8.100595071412828,
      8.434466034743854,
      8.600720264318241,
      9.200183574258997,
      9.397636297975744,
      9.678885568209422,
      10.316184362316433,
      10.75453107160123,
      10.852850368084184
    ],
    "spec_round": [
      3.0,
      3.817520863814246,
      4.605995735845168,
      5.6242872366210825,
      6.081294489775753,
      7.144984854053233,
      7.63923375968035,
      9.220215684357473,
      9.764680678279788,
      9.87066451420431,
      10.982803403899979,
      12.158601752897894,
      12.300914826596674,
      13.396491760584297,
      13.878594293168662,
      14.250150083759845
    ],
    "note": "L-BFGS done: STOP: TOTAL NO. OF F,G EVALUATIONS EXCEEDS LIMIT"
  }
}